[
  {
    "id": "cms-iqies",
    "type": "ImplementationGuide",
    "url": "https://paciowg.github.io/iqies/ImplementationGuide/cms-iqies",
    "version": "0.1.0",
    "name": "iQIESImplementationGuide"
  },
  {
    "id": "iQies-err",
    "type": "StructureDefinition",
    "url": "https://paciowg.github.io/iqies/StructureDefinition/iQies-err",
    "version": "0.1.0",
    "name": "IQiesError"
  },
  {
    "id": "iQies-pt",
    "type": "StructureDefinition",
    "url": "https://paciowg.github.io/iqies/StructureDefinition/iQies-pt",
    "version": "0.1.0",
    "name": "IQiesPatient"
  },
  {
    "id": "iQies-pyr",
    "type": "StructureDefinition",
    "url": "https://paciowg.github.io/iqies/StructureDefinition/iQies-pyr",
    "version": "0.1.0",
    "name": "IQiesPayer"
  },
  {
    "id": "iQies-qr",
    "type": "StructureDefinition",
    "url": "https://paciowg.github.io/iqies/StructureDefinition/iQies-qr",
    "version": "0.1.0",
    "name": "IQiesQuestionnaireResponse"
  }
]